Job ID,Job Link,Resume Tried,Date listed,Date Tried,Assumed Reason,Stack Trace,External Job link,Screenshot Name
4198548457,https://www.linkedin.com/jobs/view/4198548457,abhirup_cv.pdf,2025-04-03 19:17:35.928980,2025-04-06 19:18:02.991539,Problem in Easy Applying,Job application discarded by user!,Easy Applied,Not Available
4196455344,https://www.linkedin.com/jobs/view/4196455344,Pending,2025-04-03 19:18:21.637452,2025-04-06 19:18:21.696179,Found a Bad Word in About Job,"
About the job
This job is sourced from a job board. Learn More
Junior Software Engineer – Barsys X

Location: New Delhi, India

Type: Full-time

Project Brief – What is Barsys X?

Barsys X is our most advanced project yet — an intelligent robotic system designed to bring bar-quality cocktails to every home. The system features smart sensors, automated recipe execution, embedded firmware, cloud integrations, and personalization features — all running on custom software built from the ground up.

We are recruiting the brightest minds from top engineering universities across India to join the Barsys X journey and help build the next big thing in consumer robotics.

Why This Role Is for You

As a Junior Software Engineer, you will join the core team building the Barsys X platform. This is a hands-on role ideal for someone who loves working at the intersection of software and hardware. You’ll get to contribute to real product code, test robotic systems, and see your work come to life — literally.

This is a launchpad for fast learners and passionate builders from top schools who want to work on real-world robotics systems, not just apps.

Key Responsibilities

 Write and test Python code for embedded systems, automation, and calibration
 Assist in bringing up new hardware and sensors for Barsys X
 Build and improve internal tools for logging, monitoring, and device control
 Collaborate with senior engineers to understand hardware control loops and real-time programming
 Help create simulation environments to test before real-world deployment
 Document your work and participate in code reviews

What We’re Looking For

 Strong programming skills in Python (C/C++ a bonus)
 Solid understanding of computer science fundamentals (data structures, algorithms)
 Curiosity about hardware-software systems, sensors, motors, or embedded programming
 Familiarity with Linux, Git, and basic debugging
 Recent graduate (or final-year student) from a top engineering school (IIT, NIT, BITS, IIIT, etc.)
 Strong problem-solving mindset and eagerness to learn from a fast-paced team

Bonus Points For

 Projects involving Raspberry Pi, Arduino, or other embedded systems
 Experience with robotics competitions, hackathons, or open-source contributions
 Passion for building things that move, automate, or interact physically
 Exposure to AI, LLMs, or computer vision is a plus but not required

What You’ll Get

 Mentorship from senior engineers working on global hardware products
 Real exposure to how consumer robotics products are built from the ground up
 A team that cares deeply about engineering, design, and impact
 Competitive salary and benefits
 Growth path into core engineering or system architect roles

Contains bad word ""Embedded Programming"". Skipping this job!
",Skipped,Not Available
4199838076,https://www.linkedin.com/jobs/view/4199838076,Pending,Unknown,2025-04-06 19:18:37.110818,Found Blacklisted words in About Company,Failed to find an element with given classes,Skipped,Not Available
4197853605,https://www.linkedin.com/jobs/view/4197853605,Pending,Unknown,2025-04-06 20:39:54.014109,Found Blacklisted words in About Company,Failed to find an element with given classes,Skipped,Not Available
4200830242,https://www.linkedin.com/jobs/view/4200830242,abhirup_cv.pdf,2025-04-04 20:43:32.433562,2025-04-06 20:43:45.145760,Problem in Easy Applying,"Message: stale element reference: stale element not found in the current frame
  (Session info: chrome=135.0.7049.42); For documentation on this error, please visit: https://www.selenium.dev/documentation/webdriver/troubleshooting/errors#stale-element-reference-exception
Stacktrace:
	GetHandleVerifier [0x00915413+60691]
	GetHandleVerifier [0x00915454+60756]
	(No symbol) [0x00740693]
	(No symbol) [0x00746DF7]
	(No symbol) [0x007490EA]
	(No symbol) [0x00749167]
	(No symbol) [0x0078E872]
	(No symbol) [0x0078CCE4]
	(No symbol) [0x0078A887]
	(No symbol) [0x00789B57]
	(No symbol) [0x0077E235]
	(No symbol) [0x007AD05C]
	(No symbol) [0x0077DCC4]
	(No symbol) [0x007AD2D4]
	(No symbol) [0x007CE6FB]
	(No symbol) [0x007ACE56]
	(No symbol) [0x0077C5F3]
	(No symbol) [0x0077D444]
	GetHandleVerifier [0x00B5BBC3+2446531]
	GetHandleVerifier [0x00B57198+2427544]
	GetHandleVerifier [0x00B72D5E+2541150]
	GetHandleVerifier [0x0092C3C5+154821]
	GetHandleVerifier [0x00932BED+181485]
	GetHandleVerifier [0x0091CC48+91464]
	GetHandleVerifier [0x0091CDF0+91888]
	GetHandleVerifier [0x00907980+4736]
	BaseThreadInitThunk [0x759F5D49+25]
	RtlInitializeExceptionChain [0x77BECE3B+107]
	RtlGetAppContainerNamedObjectPath [0x77BECDC1+561]
",Easy Applied,Not Available
4199428148,https://www.linkedin.com/jobs/view/4199428148,Pending,2025-04-04 20:43:50.154924,2025-04-06 20:43:50.204301,Required experience is high,"
About the job
Job Description
Experience : 8+ years 

Job Responsibilities:

Work with team members to lead the design, and development of key features.
Collaborate with highly talented and productive developers to complete development with high quality and on time.
Take end-to-end ownership of assigned modules.

Required Qualifications:

BS or MS degree in Computer Science or a relevant technical field involving coding or equivalent practical experience.
8+ years of overall software development experience.
Good with Design, Coding, Data Structures and Algorithms.
Demonstrated ability to write excellent code using Java for Distributed Cloud Applications. (Rest Services, Kubernetes etc.)
Good knowledge of Big Data Pipeline (Spark, Kafka etc)
Good knowledge of databases (SQL and NoSQL)
Experience in building services in the Cloud (AWS, Azure, Oracle)
Self-motivated, Fast Learner, Excellent Problem Solving Skills and a Good Team Player.
Curiosity and willingness to be a full stack developer: Big Data Technologies, Distributed Cloud Applications, Frontend Technologies

Preferred Qualifications:
Experience with distributed (multi-tiered) systems, algorithms, and relational databases.
Strong knowledge of Apache Spark, Spark Streaming, Flink, Beam, Delta Lake, Iceberg, Parquet, and Kafka.
Understanding of designing and implementing data pipelines.
Awareness of Data Mesh, Data Fabric concepts.
Knowledge of ETL processing and tools.
Experience processing, filtering, and presenting large quantities (millions to billions of rows) of data.
Knowledge of Infrastructure as Code (IAC) languages, preferably Terraform and Ansible.
Experience working on large-scale, highly distributed services infrastructure.

Responsibilities

As a member of the software engineering division, you will assist in defining and developing software for tasks associated with the developing, debugging or designing of software applications or operating systems. Provide technical leadership to other software developers. Specify, design and implement modest changes to existing software architecture to meet changing needs.

Experience required 8 > Current Experience 5. Skipping this job!
",Skipped,Not Available
4192631521,https://www.linkedin.com/jobs/view/4192631521,Pending,2025-04-01 20:43:55.121001,2025-04-06 20:43:56.972927,Probably didn't find Apply button or unable to switch tabs.,"Message: no such window: target window already closed
from unknown error: web view not found
  (Session info: chrome=135.0.7049.42)
Stacktrace:
	GetHandleVerifier [0x00915413+60691]
	GetHandleVerifier [0x00915454+60756]
	(No symbol) [0x00740693]
	(No symbol) [0x0071FBCE]
	(No symbol) [0x007B3C4E]
	(No symbol) [0x007BB83B]
	(No symbol) [0x007AD023]
	(No symbol) [0x0077C5F3]
	(No symbol) [0x0077D444]
	GetHandleVerifier [0x00B5BBC3+2446531]
	GetHandleVerifier [0x00B57198+2427544]
	GetHandleVerifier [0x00B72D5E+2541150]
	GetHandleVerifier [0x0092C3C5+154821]
	GetHandleVerifier [0x00932BED+181485]
	GetHandleVerifier [0x0091CC48+91464]
	GetHandleVerifier [0x0091CDF0+91888]
	GetHandleVerifier [0x00907980+4736]
	BaseThreadInitThunk [0x759F5D49+25]
	RtlInitializeExceptionChain [0x77BECE3B+107]
	RtlGetAppContainerNamedObjectPath [0x77BECDC1+561]
",,Not Available
4200988484,https://www.linkedin.com/jobs/view/4200988484,abhirup_cv.pdf,Unknown,2025-04-10 15:26:56.168435,Problem in Easy Applying,"Message: stale element reference: stale element not found in the current frame
  (Session info: chrome=135.0.7049.42); For documentation on this error, please visit: https://www.selenium.dev/documentation/webdriver/troubleshooting/errors#stale-element-reference-exception
Stacktrace:
	GetHandleVerifier [0x00C480E3+60707]
	GetHandleVerifier [0x00C48124+60772]
	(No symbol) [0x00A70683]
	(No symbol) [0x00A76DE7]
	(No symbol) [0x00A790DA]
	(No symbol) [0x00A79157]
	(No symbol) [0x00ABA5B5]
	(No symbol) [0x00AB9942]
	(No symbol) [0x00AAE516]
	(No symbol) [0x00ADD04C]
	(No symbol) [0x00AADCA4]
	(No symbol) [0x00ADD2C4]
	(No symbol) [0x00AFE824]
	(No symbol) [0x00ADCE46]
	(No symbol) [0x00AAC5D3]
	(No symbol) [0x00AAD424]
	GetHandleVerifier [0x00E8BBC3+2435075]
	GetHandleVerifier [0x00E87163+2416035]
	GetHandleVerifier [0x00EA350C+2531660]
	GetHandleVerifier [0x00C5F1B5+155125]
	GetHandleVerifier [0x00C65B5D+182173]
	GetHandleVerifier [0x00C4F9B8+91640]
	GetHandleVerifier [0x00C4FB60+92064]
	GetHandleVerifier [0x00C3A620+4704]
	BaseThreadInitThunk [0x76635D49+25]
	RtlInitializeExceptionChain [0x77ABCF0B+107]
	RtlGetAppContainerNamedObjectPath [0x77ABCE91+561]
",Easy Applied,Not Available
4201623271,https://www.linkedin.com/jobs/view/4201623271,abhirup_cv.pdf,Unknown,2025-04-10 15:27:15.839391,Problem in Easy Applying,Job application discarded by user!,Easy Applied,Not Available
4202300564,https://www.linkedin.com/jobs/view/4202300564,abhirup_cv.pdf,Unknown,2025-04-10 15:27:52.008359,Problem in Easy Applying,"Message: stale element reference: stale element not found in the current frame
  (Session info: chrome=135.0.7049.42); For documentation on this error, please visit: https://www.selenium.dev/documentation/webdriver/troubleshooting/errors#stale-element-reference-exception
Stacktrace:
	GetHandleVerifier [0x00C480E3+60707]
	GetHandleVerifier [0x00C48124+60772]
	(No symbol) [0x00A70683]
	(No symbol) [0x00A76DE7]
	(No symbol) [0x00A790DA]
	(No symbol) [0x00A79157]
	(No symbol) [0x00ABA2FA]
	(No symbol) [0x00AB94C0]
	(No symbol) [0x00AAE215]
	(No symbol) [0x00ADD04C]
	(No symbol) [0x00AADCA4]
	(No symbol) [0x00ADD2C4]
	(No symbol) [0x00AFE824]
	(No symbol) [0x00ADCE46]
	(No symbol) [0x00AAC5D3]
	(No symbol) [0x00AAD424]
	GetHandleVerifier [0x00E8BBC3+2435075]
	GetHandleVerifier [0x00E87163+2416035]
	GetHandleVerifier [0x00EA350C+2531660]
	GetHandleVerifier [0x00C5F1B5+155125]
	GetHandleVerifier [0x00C65B5D+182173]
	GetHandleVerifier [0x00C4F9B8+91640]
	GetHandleVerifier [0x00C4FB60+92064]
	GetHandleVerifier [0x00C3A620+4704]
	BaseThreadInitThunk [0x76635D49+25]
	RtlInitializeExceptionChain [0x77ABCF0B+107]
	RtlGetAppContainerNamedObjectPath [0x77ABCE91+561]
",Easy Applied,Not Available
4204584625,https://www.linkedin.com/jobs/view/4204584625,abhirup_cv.pdf,Unknown,2025-04-10 15:28:15.841206,Problem in Easy Applying,"Message: stale element reference: stale element not found in the current frame
  (Session info: chrome=135.0.7049.42); For documentation on this error, please visit: https://www.selenium.dev/documentation/webdriver/troubleshooting/errors#stale-element-reference-exception
Stacktrace:
	GetHandleVerifier [0x00C480E3+60707]
	GetHandleVerifier [0x00C48124+60772]
	(No symbol) [0x00A70683]
	(No symbol) [0x00A76DE7]
	(No symbol) [0x00A790DA]
	(No symbol) [0x00A79157]
	(No symbol) [0x00ABA2FA]
	(No symbol) [0x00AB94C0]
	(No symbol) [0x00AAE215]
	(No symbol) [0x00ADD04C]
	(No symbol) [0x00AADCA4]
	(No symbol) [0x00ADD2C4]
	(No symbol) [0x00AFE824]
	(No symbol) [0x00ADCE46]
	(No symbol) [0x00AAC5D3]
	(No symbol) [0x00AAD424]
	GetHandleVerifier [0x00E8BBC3+2435075]
	GetHandleVerifier [0x00E87163+2416035]
	GetHandleVerifier [0x00EA350C+2531660]
	GetHandleVerifier [0x00C5F1B5+155125]
	GetHandleVerifier [0x00C65B5D+182173]
	GetHandleVerifier [0x00C4F9B8+91640]
	GetHandleVerifier [0x00C4FB60+92064]
	GetHandleVerifier [0x00C3A620+4704]
	BaseThreadInitThunk [0x76635D49+25]
	RtlInitializeExceptionChain [0x77ABCF0B+107]
	RtlGetAppContainerNamedObjectPath [0x77ABCE91+561]
",Easy Applied,Not Available
4204584625,https://www.linkedin.com/jobs/view/4204584625,Pending,Unknown,2025-04-10 17:11:41.073739,Required experience is high,"
About the job
Job Title: Software Engineer Intern
 Location: Bangalore
 Experience: 0–6 months

About Us
We are one of India’s premier integrated political consulting firms, specializing in building data driven, 360-degree election campaigns. Our work blends data-backed insights with deep ground intelligence to deliver end-to-end strategic and operational support to clients.
With a team drawn from top institutions and varied professional backgrounds, we are driven by a passion for our democracy and a vision for informed, impactful politics. Over the last 7 years, we’ve developed and executed strategies that have sparked conversations, influenced policies, and shaped electoral and legislative outcomes.
Join our Analytics & Engineering Team to be part of a dynamic environment where you’ll have the opportunity to build systems and tools that harness the power of data for the greater good.

Role Overview
We are looking for a Software Engineer Intern who is enthusiastic about coding, curious about political data, and eager to work on real-world problems at scale. You will work closely with data scientists, engineers, and campaign strategists to build scalable applications and internal tools that power decision-making across our campaigns.


Key Responsibilities
Assist in developing and maintaining backend services and APIs using Python (Flask/Django) or React.
Collaborate with the engineering team to design scalable software solutions.
Write clean, testable, and efficient code under guidance.
Work on integrating databases and managing backend/frontend logic.
Contribute to the full software development lifecycle – from requirements gathering to deployment.
Support the team in debugging, testing, and maintaining existing codebases.

Primary Skills Required
Proficiency in Python or React.
Hands on experience with Python web frameworks ( Flask /Django )
Good understanding of data structures and algorithms.
Strong problem-solving and analytical skills.
Strong Understanding of web development fundamentals, databases and hands on experience implementing CRUD operations


Secondary Skills (Good to Have)
Familiarity with RESTful API development.
Exposure to AWS or other cloud platforms.
Understanding of version control systems like Git.
Basic knowledge of Object-Oriented Programming (OOPs) concepts.


What We Offer
Opportunity to work on impactful real-world projects.
Mentorship from experienced professionals.
Collaborative and intellectually stimulating environment.
Hands-on exposure to political data and strategy implementation.
Pre-placement opportunity based on performance.

Experience required 7 > Current Experience 5. Skipping this job!
",Skipped,Not Available
4205504910,https://www.linkedin.com/jobs/view/4205504910,abhirup_cv.pdf,Unknown,2025-04-10 17:11:56.369776,Problem in Easy Applying,Job application discarded by user!,Easy Applied,Not Available
4205245000,https://www.linkedin.com/jobs/view/4205245000,abhirup_cv.pdf,Unknown,2025-04-10 17:12:12.740612,Problem in Easy Applying,"Message: stale element reference: stale element not found in the current frame
  (Session info: chrome=135.0.7049.42); For documentation on this error, please visit: https://www.selenium.dev/documentation/webdriver/troubleshooting/errors#stale-element-reference-exception
Stacktrace:
	GetHandleVerifier [0x007080E3+60707]
	GetHandleVerifier [0x00708124+60772]
	(No symbol) [0x00530683]
	(No symbol) [0x00536DE7]
	(No symbol) [0x005390DA]
	(No symbol) [0x00539157]
	(No symbol) [0x0057A5B5]
	(No symbol) [0x00579942]
	(No symbol) [0x0056E215]
	(No symbol) [0x0059D04C]
	(No symbol) [0x0056DCA4]
	(No symbol) [0x0059D2C4]
	(No symbol) [0x005BE824]
	(No symbol) [0x0059CE46]
	(No symbol) [0x0056C5D3]
	(No symbol) [0x0056D424]
	GetHandleVerifier [0x0094BBC3+2435075]
	GetHandleVerifier [0x00947163+2416035]
	GetHandleVerifier [0x0096350C+2531660]
	GetHandleVerifier [0x0071F1B5+155125]
	GetHandleVerifier [0x00725B5D+182173]
	GetHandleVerifier [0x0070F9B8+91640]
	GetHandleVerifier [0x0070FB60+92064]
	GetHandleVerifier [0x006FA620+4704]
	BaseThreadInitThunk [0x76635D49+25]
	RtlInitializeExceptionChain [0x77ABCF0B+107]
	RtlGetAppContainerNamedObjectPath [0x77ABCE91+561]
",Easy Applied,Not Available
4204584625,https://www.linkedin.com/jobs/view/4204584625,Pending,Unknown,2025-04-10 17:17:30.743436,Required experience is high,"
About the job
Job Title: Software Engineer Intern
 Location: Bangalore
 Experience: 0–6 months

About Us
We are one of India’s premier integrated political consulting firms, specializing in building data driven, 360-degree election campaigns. Our work blends data-backed insights with deep ground intelligence to deliver end-to-end strategic and operational support to clients.
With a team drawn from top institutions and varied professional backgrounds, we are driven by a passion for our democracy and a vision for informed, impactful politics. Over the last 7 years, we’ve developed and executed strategies that have sparked conversations, influenced policies, and shaped electoral and legislative outcomes.
Join our Analytics & Engineering Team to be part of a dynamic environment where you’ll have the opportunity to build systems and tools that harness the power of data for the greater good.

Role Overview
We are looking for a Software Engineer Intern who is enthusiastic about coding, curious about political data, and eager to work on real-world problems at scale. You will work closely with data scientists, engineers, and campaign strategists to build scalable applications and internal tools that power decision-making across our campaigns.


Key Responsibilities
Assist in developing and maintaining backend services and APIs using Python (Flask/Django) or React.
Collaborate with the engineering team to design scalable software solutions.
Write clean, testable, and efficient code under guidance.
Work on integrating databases and managing backend/frontend logic.
Contribute to the full software development lifecycle – from requirements gathering to deployment.
Support the team in debugging, testing, and maintaining existing codebases.

Primary Skills Required
Proficiency in Python or React.
Hands on experience with Python web frameworks ( Flask /Django )
Good understanding of data structures and algorithms.
Strong problem-solving and analytical skills.
Strong Understanding of web development fundamentals, databases and hands on experience implementing CRUD operations


Secondary Skills (Good to Have)
Familiarity with RESTful API development.
Exposure to AWS or other cloud platforms.
Understanding of version control systems like Git.
Basic knowledge of Object-Oriented Programming (OOPs) concepts.


What We Offer
Opportunity to work on impactful real-world projects.
Mentorship from experienced professionals.
Collaborative and intellectually stimulating environment.
Hands-on exposure to political data and strategy implementation.
Pre-placement opportunity based on performance.

Experience required 7 > Current Experience 5. Skipping this job!
",Skipped,Not Available
4205547573,https://www.linkedin.com/jobs/view/4205547573,abhirup_cv.pdf,Unknown,2025-04-10 17:19:21.530372,Problem in Easy Applying,Job application discarded by user!,Easy Applied,Not Available
4199340933,https://www.linkedin.com/jobs/view/4199340933,abhirup_cv.pdf,Unknown,2025-04-10 17:23:14.188547,Problem in Easy Applying,Job application discarded by user!,Easy Applied,Not Available
4203152837,https://www.linkedin.com/jobs/view/4203152837,Pending,Unknown,2025-04-10 17:23:18.320327,Found a Bad Word in About Job,"
About the job
The ideal candidate is a creative problem solver who will work in coordination with cross-functional teams to design, develop, and maintain our next generation websites and web tools. You must be comfortable working as part of a team while taking the initiative to take lead on new innovations and projects. 
 Responsibilities
Revise, edit, proofread & optimize web content
Work with cross-functionally to enhance overall user experience of our platforms
Own various design tasks involved in the web development life cycle from start to finish

Qualifications

Bachelor's degree or equivalent experience in Computer Science
At least 1 - 2 years' of experience using HTML, CSS, and JavaScript
Proficiency in at least one server-side technology (Java, PHP, NodeJS, Python, Ruby)
Ability to multi-task, organize, and prioritize work

Contains bad word ""PHP"". Skipping this job!
",Skipped,Not Available
4204670562,https://www.linkedin.com/jobs/view/4204670562,Pending,Unknown,2025-04-10 17:23:23.824177,Found a Bad Word in About Job,"
About the job
Experience: Interns | Openings: 3
Looking for PHP-WordPress Developer Summer Interns


Job Profile:

Education Background: BE – CE / IT, ME, BCA, MCA, MScIT

Location: Satellite, Ahmedabad

Internship Type: Full-time

Stipend: No.

Certificate would be given after training


Roles & Responsibilities:

Assist in the development and customization of WordPress themes and plugins
Write clean, well-documented PHP code for WordPress projects
Help maintain and update existing WordPress websites
Work with HTML, CSS, JavaScript, and other front-end technologies to enhance site functionality and design
Debug and troubleshoot issues on WordPress websites
Collaborate with designers, content creators, and other developers
Stay updated on the latest trends and best practices in WordPress development

Apply On: careergreencubes@gmail.com

Contains bad word ""PHP"". Skipping this job!
",Skipped,Not Available
4202827931,https://www.linkedin.com/jobs/view/4202827931,abhirup_cv.pdf,Unknown,2025-04-10 17:23:40.072553,Problem in Easy Applying,"Message: stale element reference: stale element not found in the current frame
  (Session info: chrome=135.0.7049.42); For documentation on this error, please visit: https://www.selenium.dev/documentation/webdriver/troubleshooting/errors#stale-element-reference-exception
Stacktrace:
	GetHandleVerifier [0x008880E3+60707]
	GetHandleVerifier [0x00888124+60772]
	(No symbol) [0x006B0683]
	(No symbol) [0x006B6DE7]
	(No symbol) [0x006B90DA]
	(No symbol) [0x006B9157]
	(No symbol) [0x006FC4B4]
	(No symbol) [0x006FA887]
	(No symbol) [0x006F9B8B]
	(No symbol) [0x006EE516]
	(No symbol) [0x0071D04C]
	(No symbol) [0x006EDCA4]
	(No symbol) [0x0071D2C4]
	(No symbol) [0x0073E824]
	(No symbol) [0x0071CE46]
	(No symbol) [0x006EC5D3]
	(No symbol) [0x006ED424]
	GetHandleVerifier [0x00ACBBC3+2435075]
	GetHandleVerifier [0x00AC7163+2416035]
	GetHandleVerifier [0x00AE350C+2531660]
	GetHandleVerifier [0x0089F1B5+155125]
	GetHandleVerifier [0x008A5B5D+182173]
	GetHandleVerifier [0x0088F9B8+91640]
	GetHandleVerifier [0x0088FB60+92064]
	GetHandleVerifier [0x0087A620+4704]
	BaseThreadInitThunk [0x76635D49+25]
	RtlInitializeExceptionChain [0x77ABCF0B+107]
	RtlGetAppContainerNamedObjectPath [0x77ABCE91+561]
",Easy Applied,Not Available
4198172197,https://www.linkedin.com/jobs/view/4198172197,Previous resume,Unknown,2025-04-12 21:11:16.408956,Problem in Easy Applying,Job application discarded by user!,Easy Applied,Not Available
4204396314,https://www.linkedin.com/jobs/view/4204396314,Pending,Unknown,2025-04-12 21:11:56.700315,Found a Bad Word in About Job,"
About the job
Responsibilities 
Work with development teams and product managers to ideate web application solutions.
Design client-side and server-side architecture.
Build the front-end of applications through appealing visual design.
Develop and manage well-functioning databases and applications.
Write effective Node APIs.
Test application to ensure responsiveness and efficiency.
Troubleshoot, debug and upgrade software.
Create security and data protection settings.
Build features and applications with a mobile responsive design.
Write technical documentation.
Work with data scientists and analysts to improve product.
You will be responsible for maintaining our open-sourced codebases on Github alongside the rest of team.

Requirements 
4+ year of Experience in FX, Crypto or Equities electronic trading businesses.
Trading UI design and implementation.
Solid understanding of architectural principles for web applications f& ront-end frameworks and technologies (e.g. React.js, Vue.js, Mobx, XState, Redux).
Understanding of Blockchain technology.
Proficiency in handling scalability, security and performance.
Familiar with orchestration tools like Nodered.
Familiarity with databases (e.g. MySQL, MSSQL, MongoDB.
Prior experience of containerized development and deployment; AWS, Docker, Kubernetes (EKS).
Knowledge of server-side programming languages (e.g. Golang, Node.js, Python, Ruby, Java).
Interested in building first-class product to solve real world problems.
Experienced with various technologies, self-motivated, a fast learner and have a ""get things done"" mentality.
Humble to embrace better ideas from others, eager to make things better, open to challenges and possibilities.
Strong organizational skills, interpersonal skills and having the ability to juggle conflicting requirements from many different stakeholders.

Contains bad word ""Ruby"". Skipping this job!
",Skipped,Not Available
4204353382,https://www.linkedin.com/jobs/view/4204353382,abhirup_cv.pdf,Unknown,2025-04-12 22:29:10.653953,Problem in Easy Applying,"Message: stale element reference: stale element not found in the current frame
  (Session info: chrome=135.0.7049.85); For documentation on this error, please visit: https://www.selenium.dev/documentation/webdriver/troubleshooting/errors#stale-element-reference-exception
Stacktrace:
	GetHandleVerifier [0x002C80E3+60707]
	GetHandleVerifier [0x002C8124+60772]
	(No symbol) [0x000F0683]
	(No symbol) [0x000F6DE7]
	(No symbol) [0x000F90DA]
	(No symbol) [0x000F9157]
	(No symbol) [0x0013E872]
	(No symbol) [0x0013C786]
	(No symbol) [0x0013A887]
	(No symbol) [0x00139B8B]
	(No symbol) [0x0012E516]
	(No symbol) [0x0015D04C]
	(No symbol) [0x0012DCA4]
	(No symbol) [0x0015D2C4]
	(No symbol) [0x0017E824]
	(No symbol) [0x0015CE46]
	(No symbol) [0x0012C5D3]
	(No symbol) [0x0012D424]
	GetHandleVerifier [0x0050BBC3+2435075]
	GetHandleVerifier [0x00507163+2416035]
	GetHandleVerifier [0x0052350C+2531660]
	GetHandleVerifier [0x002DF1B5+155125]
	GetHandleVerifier [0x002E5B5D+182173]
	GetHandleVerifier [0x002CF9B8+91640]
	GetHandleVerifier [0x002CFB60+92064]
	GetHandleVerifier [0x002BA620+4704]
	BaseThreadInitThunk [0x76635D49+25]
	RtlInitializeExceptionChain [0x77ABCF0B+107]
	RtlGetAppContainerNamedObjectPath [0x77ABCE91+561]
	(No symbol) [0x00000000]
",Easy Applied,Not Available
4205666882,https://www.linkedin.com/jobs/view/4205666882,abhirup_cv.pdf,Unknown,2025-04-13 19:24:31.963121,Problem in Easy Applying,Job application discarded by user!,Easy Applied,Not Available
4207191229,https://www.linkedin.com/jobs/view/4207191229,Pending,Unknown,2025-04-13 19:24:34.002456,Found Blacklisted words in About Company,Failed to find an element with given classes,Skipped,Not Available
4205509291,https://www.linkedin.com/jobs/view/4205509291,abhirup_cv.pdf,Unknown,2025-04-13 19:33:42.485982,Problem in Easy Applying,Job application discarded by user!,Easy Applied,Not Available
