Job ID,Title,Company,Work Location,Work Style,About Job,Experience required,Skills required,HR Name,HR Link,Resume,Re-posted,Date Posted,Date Applied,Job Link,External Job link,Questions Found,Connect Request
4200112104,Software Engineer,Capgemin,pgemin,pgemin,"About the job
Job Description

Works in the area of Software Engineering, which encompasses the development, maintenance and optimization of software solutions/applications.

 Applies scientific methods to analyse and solve software engineering problems.
 He/she is responsible for the development and application of software engineering practice and knowledge, in research, design, development and maintenance.
 His/her work requires the exercise of original thought and judgement and the ability to supervise the technical and administrative work of other software engineers.
 The software engineer builds skills and expertise of his/her software engineering discipline to reach standard software engineer skills expectations for the applicable role, as defined in Professional Communities.
 The software engineer collaborates and acts as team player with other software engineers and stakeholders.

Works in the area of Software Engineering, which encompasses the development, maintenance and optimization of software solutions/applications.1. Applies scientific methods to analyse and solve software engineering problems.2. He/she is responsible for the development and application of software engineering practice and knowledge, in research, design, development and maintenance.3. His/her work requires the exercise of original thought and judgement and the ability to supervise the technical and administrative work of other software engineers.4. The software engineer builds skills and expertise of his/her software engineering discipline to reach standard software engineer skills expectations for the applicable role, as defined in Professional Communities.5. The software engineer collaborates and acts as team player with other software engineers and stakeholders.

Job Description - Grade Specific

Has more than a year of relevant work experience. Solid understanding of programming concepts, software design and software development principles. Consistently works to direction with minimal supervision, producing accurate and reliable results. Individuals are expected to be able to work on a range of tasks and problems, demonstrating their ability to apply their skills and knowledge. Organises own time to deliver against tasks set by others with a mid term horizon. Works co-operatively with others to achieve team goals and has a direct and positive impact on project performance and make decisions based on their understanding of the situation, not just the rules.

Skills (competencies)

Verbal Communication",0,Needs an AI,Unknown,Unknown,Pending,False,2025-04-03 19:17:28.204473,Pending,https://www.linkedin.com/jobs/view/4200112104,https://careers.capgemini.com/job/Gurgaon-Software-Engineer/1188848201/?feedId=388933&utm_source=LinkedInJobPostings,,In Development
4197991137,Software Engineer,Barclay,rclay,rclay,"About the job
Join us as a Software Engineer at Barclays, responsible for supporting the successful delivery of location strategy projects to plan, budget, agreed quality and governance standards. You'll spearhead the evolution of our digital landscape, driving innovation and excellence. You will harness cutting-edge technology to revolutionise our digital offerings, ensuring unparalleled customer experiences.

To be successful as a Software Engineer you should have experience with:


 FrontEnd Languages/Scripting/Framework: JS,HTML5-CSS,ReactJs
 Backend Lang/Scrpting/Framework: nodejs,python,java,django/flask
 RESTful APIs
 Any database (Oracle/MySQL/MongoDB/PostgreS)


Some Other Highly Valued Skills May Include


 UNIX/Pyhton scripting
 Cloud (AWS/Azure)
 Containerization (Docker/Kubernetes)


You may be assessed on key critical skills relevant for success in role, such as risk and controls, change and transformation, business acumen, strategic thinking and digital and technology, as well as job-specific technical skills.

The role is based out of Pune.

Purpose of the role

To design, develop and improve software, utilising various engineering methodologies, that provides business, platform, and technology capabilities for our customers and colleagues.

Accountabilities


Development and delivery of high-quality software solutions by using industry aligned programming languages, frameworks, and tools. Ensuring that code is scalable, maintainable, and optimized for performance.
Cross-functional collaboration with product managers, designers, and other engineers to define software requirements, devise solution strategies, and ensure seamless integration and alignment with business objectives.
Collaboration with peers, participate in code reviews, and promote a culture of code quality and knowledge sharing.
Stay informed of industry technology trends and innovations and actively contribute to the organization’s technology communities to foster a culture of technical excellence and growth.
Adherence to secure coding practices to mitigate vulnerabilities, protect sensitive data, and ensure secure software solutions.
Implementation of effective unit testing practices to ensure proper code design, readability, and reliability.


Analyst Expectations


To perform prescribed activities in a timely manner and to a high standard consistently driving continuous improvement.
Requires in-depth technical knowledge and experience in their assigned area of expertise
Thorough understanding of the underlying principles and concepts within the area of expertise
They lead and supervise a team, guiding and supporting professional development, allocating work requirements and coordinating team resources.
If the position has leadership responsibilities, People Leaders are expected to demonstrate a clear set of leadership behaviours to create an environment for colleagues to thrive and deliver to a consistently excellent standard. The four LEAD behaviours are: L – Listen and be authentic, E – Energise and inspire, A – Align across the enterprise, D – Develop others.
OR for an individual contributor, they develop technical expertise in work area, acting as an advisor where appropriate.
Will have an impact on the work of related teams within the area.
Partner with other functions and business areas.
Takes responsibility for end results of a team’s operational processing and activities.
Escalate breaches of policies / procedure appropriately.
Take responsibility for embedding new policies/ procedures adopted due to risk mitigation.
Advise and influence decision making within own area of expertise.
Take ownership for managing risk and strengthening controls in relation to the work you own or contribute to. Deliver your work and areas of responsibility in line with relevant rules, regulation and codes of conduct.
Maintain and continually build an understanding of how own sub-function integrates with function, alongside knowledge of the organisations products, services and processes within the function.
Demonstrate understanding of how areas coordinate and contribute to the achievement of the objectives of the organisation sub-function.
Make evaluative judgements based on the analysis of factual information, paying attention to detail.
Resolve problems by identifying and selecting solutions through the application of acquired technical experience and will be guided by precedents.
Guide and persuade team members and communicate complex / sensitive information.
Act as contact point for stakeholders outside of the immediate function, while building a network of contacts outside team and external to the organisation.


All colleagues will be expected to demonstrate the Barclays Values of Respect, Integrity, Service, Excellence and Stewardship – our moral compass, helping us do what we believe is right. They will also be expected to demonstrate the Barclays Mindset – to Empower, Challenge and Drive – the operating manual for how we behave.",0,Needs an AI,Unknown,Unknown,Pending,False,2025-04-03 19:18:10.147306,Pending,https://www.linkedin.com/jobs/view/4197991137,https://search.jobs.barclays/job/-/-/13015/79558824592?src=JB-12860,,In Development
4124988118,Software Engineer,Microsof,crosof,crosof,"About the job
Do you want to work on a product that touches and transforms the lives of billions of people across the globe? Do you want to work on the next set of innovations to transform it further and revolutionize it?  If yes, We are looking for Software Engineer.

Microsoft is embarking on the exciting new journey to revolutionize the most beloved and popular product ‘Windows’ even further to make its experiences more modern and seamless in order to delight its users and make them even more productive and successful. 

The Windows team is growing a Centre of Excellence in Microsoft, India with a broad portfolio of applications to help innovate on the next version of Windows. We are focused on building Experiences on various Windows surfaces to make users more productive. You will get an opportunity to collaborate across multiple teams within the Windows group and across product groups within the company.

Microsoft’s mission is to empower every person and every organization on the planet to achieve more. As employees we come together with a growth mindset, innovate to empower others, and collaborate to realize our shared goals. Each day we build on our values of respect, integrity, and accountability to create a culture of inclusion where everyone can thrive at work and beyond.

Responsibilities

We are looking for excellent engineers who are strong in C++ and Windows application development who can take the product to customers with high quality and eye-catching features. 
The team is to embark on a journey to own and drive the transformation of our experiences on Windows to be simple, delightful, and new. Users interacting surface areas of anything that ships with Windows are in the purview of this team.

Qualifications

Required Qualifications

Bachelor's Degree in Computer Science OR related technical field AND 1+ year(s) technical engineering experience with coding in languages including, C++.
Excellent coding, debugging, teamwork, and communication skills .
A Customer focused innovation mindset.
Passionate about craftsmanship in engineering.
Experience with cross-group design and coordination is an advantage.

Preferred Qualifications

1+ years of overall experience shipping commercial software in modern app development using XAML/WinUI and C/C++ is preferred.

#wdxindia

#ewdindia

Microsoft is an equal opportunity employer. Consistent with applicable law, all qualified applicants will receive consideration for employment without regard to age, ancestry, citizenship, color, family or medical care leave, gender identity or expression, genetic information, immigration status, marital status, medical condition, national origin, physical or mental disability, political affiliation, protected veteran or military status, race, ethnicity, religion, sex (including pregnancy), sexual orientation, or any other characteristic protected by applicable local laws, regulations and ordinances. If you need assistance and/or a reasonable accommodation due to a disability during the application process, read more about requesting accommodations.",1,Needs an AI,Unknown,Unknown,Pending,True,2025-04-01 19:18:26.363966,Pending,https://www.linkedin.com/jobs/view/4124988118,https://jobs.careers.microsoft.com/us/en/job/1800071/Software-Engineer?jobsource=linkedin&utm_source=Job%20Board&utm_campaign=linkedin-feed,,In Development
4195234501,Lead Software Engineer,NeutrinoI,utrinoI,utrinoI,"About the job
Seize an incredible opportunity as our Software Engineer, where you'll have the freedom to lead and manage software development for our company. Collaborate closely with our CEO to design, code, test, and implement software applications in line with our project requirements. This role empowers you to make a significant impact on our brand's growth while gaining valuable experience in a dynamic and supportive environment. 

You: 
· Are really interested in personal finance education 
· Always feel like everyone works too slow around you 
· Enjoy spontaneous brainstorm sessions 
· Love an environment where you can throw out ideas without being judged 
· Don’t believe in failure 

We: 
· Break the old and make it new 
· Don’t use the phrase - I can’t 
· Care more about your values than your experience 
· Love to hold each other to high standards 
· Aren’t afraid to take risks 

Job Responsibilities 
· Collaborate with the CEO on the development and maintenance of our AI financial planning software
· Write automated tests to ensure the functionality and performance of the application. 
· Participate in code reviews and ensure that code quality meets industry standards. 
· Participate in the deployment of applications and manage cloud environments. 
· Identify and fix bugs, and work on enhancing application performance. 
· Document code and maintain software systems. 
· Help write training manuals for future employees.

Educational and Experience / Requirements and Preferences 
· 5+ years of hands-on experience in software development. 
· A bachelor’s degree in Computer Science, Engineering, or related field
· Proficiency in programming languages such as [Java, Python, JavaScript, etc.]. 
· Experience with modern frameworks and tools [e.g., Angular, React, Docker, Kubernetes]. 
· Familiarity with Agile development methodologies. 
· Strong problem-solving skills and attention to detail. 
· Is looking to grow personally and professionally as an individual. 
 Other Requirements 
· The position will be remote, but the applicant must be based in India.
· The position is full-time Monday-Friday, 8 am - 5 pm Arizona, USA time and is salary-based.
· The position is open until filled and or closed. Applications will be evaluated as they come in. 

Company Information 
Neutrino IQ is redefining the future of financial planning. Built by financial advisors for financial advisors, our AI-powered platform enhances decision-making, streamlines complex processes, and brings intelligence to every aspect of financial planning.
 We are assembling a world-class team to drive this innovation forward. With cutting-edge technology, deep industry expertise, and a vision for the future, Neutrino IQ is creating solutions that empower advisors to do what they do best—serve their clients with clarity and confidence.
 Join us as we build something extraordinary",5,Needs an AI,Unknown,Unknown,Pending,False,2025-04-02 19:18:33.110855,Pending,https://www.linkedin.com/jobs/view/4195234501,https://neutrinoiq.com/job-application/,,In Development
4197988620,Software Engineer,Optu,tu,tu,"About the job
Optum is a global organization that delivers care, aided by technology to help millions of people live healthier lives. The work you do with our team will directly improve health outcomes by connecting people with the care, pharmacy benefits, data and resources they need to feel their best. Here, you will find a culture guided by diversity and inclusion, talented peers, comprehensive benefits and career development opportunities. Come make an impact on the communities we serve as you help us advance health equity on a global scale. Join us to start Caring. Connecting. Growing together.

Primary Responsibilities

Develop and maintain scalable, reliable, and robust Java applications
Design and implement microservices using Spring Boot, taking into account system scalability, security, and performance
Integrate data streaming technologies such as Kafka to handle large-scale, real-time data processing
Work with MongoDB or similar NoSQL databases to manage application data, ensuring performance and scalability
Collaborate with cross-functional teams to define, design, and ship new features in a dynamic Agile environment
Follow and contribute to the improvement of coding standards, development best practices, and deployment procedures
Continuously discover, evaluate, and implement new technologies to maximize development efficiency
Analyze and resolve technical and application problems, providing third-level support to technical issues
Participate in sprint planning, retrospective, and review meetings, and provide constructive feedback
Create and maintain technical documentation for reference and reporting
Comply with the terms and conditions of the employment contract, company policies and procedures, and any and all directives (such as, but not limited to, transfer and/or re-assignment to different work locations, change in teams and/or work shifts, policies in regards to flexibility of work benefits and/or work environment, alternative work arrangements, and other decisions that may arise due to the changing business environment). The Company may adopt, vary or rescind these policies and directives in its absolute discretion and without any limitation (implied or otherwise) on its ability to do so

Required Qualifications

Bachelor's degree in Computer Science, Software Engineering, or related field
Proven experience as a Java Developer with a solid grasp of Java fundamentals 
Experience with Kafka for building scalable, distributed, and fault-tolerant streaming applications 
Experience with Agile software development methodologies 
In-depth knowledge of Spring Framework, specifically Spring Boot 
Solid understanding of design principles and patterns 
Proficiency in designing and developing microservices architecture 
Proficient understanding of code versioning tools, such as Git 
Proven excellent problem-solving skills and attention to detail 
Proven solid communication skills and ability to work collaboratively 

Preferred Qualifications

Experience with MongoDB or other NoSQL databases
Experience with cloud services like AWS, Azure, or GCP
Familiarity with containerization technologies such as Docker and orchestration with Kubernetes 
Knowledge of RESTful APIs and web services
Understanding of continuous integration and continuous deployment (CI/CD) practices

At UnitedHealth Group, our mission is to help people live healthier lives and make the health system work better for everyone. We believe everyone-of every race, gender, sexuality, age, location and income-deserves the opportunity to live their healthiest life. Today, however, there are still far too many barriers to good health which are disproportionately experienced by people of color, historically marginalized groups and those with lower incomes. We are committed to mitigating our impact on the environment and enabling and delivering equitable care that addresses health disparities and improves health outcomes — an enterprise priority reflected in our mission.

#Gen",0,Needs an AI,Unknown,Unknown,Pending,False,2025-04-03 20:38:22.125035,Pending,https://www.linkedin.com/jobs/view/4197988620,https://careers.unitedhealthgroup.com/job/21513859/senior-software-engineer-java-backend-hyderabad-in/?src=JB-22455&utm_source=linkedin.com&utm_medium=job_posting,,In Development
4199838076,"Software Engineer I , ITC",Nik,k,k,"About the job
Who You’ll Work With

You will be part of the Global Technology organization and report to the Engineering Manager. On a daily basis, you will collaborate with peer software engineers, product managers, and architects on product teams to achieve business objectives. Additionally, you will engage with other Global Technology teams to align on both organizational and individual development goals.

Who We Are Looking For

We are seeking a ambitious Full Stack Software Engineer to join our dynamic team. You’ll be responsible for developing and maintaining both front-end and back-end applications, ensuring seamless and scalable experiences for users. You will play a critical role in building robust features, maintaining system performance, and collaborating across teams to deliver high-quality cloud native software solutions. If you thrive in a collaborative environment, are energized by innovative technology, and excel at problem-solving, this role may be a great fit for you.

Key Qualifications

Bachelor’s Degree in Computer Science, Engineering, or a related field (or equivalent experience).
1+ years of professional experience as a Full Stack Software Engineer or in a similar role.
Hands on Exposure on Front-End Skills in React or similar technologies.
Hands on Exposure on in server-side programming languages such as Node.js, Python or similar.
Database Expertise: Experience NoSQL databases.
API Development: Hands on exposure to designing and consuming RESTful APIs and web services.
Cloud Technologies: Familiarity with cloud platforms preferably AWS, including experience with serverless architectures and cloud-native development.
Version Control: Proficient with Git, GitHub, or similar version control tools.
Testing Frameworks: Experience with unit testing, integration testing, and test-driven development (TDD).
Problem-Solving: Strong debugging, troubleshooting, and performance optimization skills.
Collaboration: Excellent communication and interpersonal skills, with the ability to work well in a team-oriented, fast-paced environment.

Bonus Skills

Familiarity with CI/CD tools (e.g., Jenkins, CircleCI, GitLab), containerization
technologies like Docker, or familiarity with microservices architecture.
Ability to thrive in a fast-paced, dynamic environment with ambiguity.

What You’ll Work On

As a Software Engineer I, you will:

Design & Develop: Build, test, and maintain scalable web applications and services. Work on both front-end and back-end development to deliver end-to-end functionality.
Collaborate: Work closely with product managers, designers, and other engineers to define requirements, technical specifications, and deliver quality software.
Front-End Development: Implement dynamic, responsive, and user-friendly web interfaces using modern JavaScript frameworks ( React).
Back-End Development: Design and implement RESTful APIs, microservices, and backend services using technologies like Node.js, Python or similar.
Database Management: Develop NoSQL databases, ensuring efficient data storage and retrieval.
Testing & Quality Assurance: Write unit tests, integration tests, and maintain high code
quality standards using tools such as Jest, Mocha, or similar.
Performance Optimization: Identify and fix performance bottlenecks across the full stack,
ensuring high availability and responsiveness. CI/CD Integration: Integrate with and maintain continuous integration/continuous deployment (CI/CD) pipelines for seamless software delivery.
Agile Methodologies: Participate in Agile processes, including sprint planning, daily stand-ups, code reviews, and retrospectives.",1,Needs an AI,Unknown,Unknown,Pending,False,2025-04-03 20:38:36.943508,Pending,https://www.linkedin.com/jobs/view/4199838076,https://click.appcast.io/track/lqh64p4-org?cs=i1a&jg=94vq&bid=lUf2CslKyPxm6i440ZgUYA%3D%3D&source=BY_LinkedIn_OrganicFeed,,In Development
4202746612,Software Engineer II,Ube,e,e,"About the job
The ideal candidate will be responsible for developing high-quality applications. They will also be responsible for designing and implementing testable and scalable code. 
 Responsibilities
Develop quality software and web applications
Analyze and maintain existing software applications
Design highly scalable, testable code
Discover and fix programming bugs

Qualifications

Bachelor's degree or equivalent experience in Computer Science or related field
Development experience with programming languages
SQL database or relational database skills",0,Needs an AI,Unknown,Unknown,abhirup_cv.pdf,False,2025-04-06 18:38:43.514484,2025-04-06 20:39:01.037215,https://www.linkedin.com/jobs/view/4202746612,Easy Applied,"{('Email [  ""Select an option"", ""abhirup.karmakar00@gmail.com"", ]', 'Yes', 'select', 'abhirup.karmakar00@gmail.com'), ('Phone country code [ ""List of phone country codes"" ]', 'Yes', 'select', 'India (+91)'), ('phone', '7044688059', 'text', '7044688059')}",In Development
4194055317,Software Engineer,Capgemin,pgemin,pgemin,"About the job
Job Description

Works in the area of Software Engineering, which encompasses the development, maintenance and optimization of software solutions/applications.

 Applies scientific methods to analyse and solve software engineering problems.
 He/she is responsible for the development and application of software engineering practice and knowledge, in research, design, development and maintenance.
 His/her work requires the exercise of original thought and judgement and the ability to supervise the technical and administrative work of other software engineers.
 The software engineer builds skills and expertise of his/her software engineering discipline to reach standard software engineer skills expectations for the applicable role, as defined in Professional Communities.
 The software engineer collaborates and acts as team player with other software engineers and stakeholders.

Works in the area of Software Engineering, which encompasses the development, maintenance and optimization of software solutions/applications.1. Applies scientific methods to analyse and solve software engineering problems.2. He/she is responsible for the development and application of software engineering practice and knowledge, in research, design, development and maintenance.3. His/her work requires the exercise of original thought and judgement and the ability to supervise the technical and administrative work of other software engineers.4. The software engineer builds skills and expertise of his/her software engineering discipline to reach standard software engineer skills expectations for the applicable role, as defined in Professional Communities.5. The software engineer collaborates and acts as team player with other software engineers and stakeholders.

Job Description - Grade Specific

Has more than a year of relevant work experience. Solid understanding of programming concepts, software design and software development principles. Consistently works to direction with minimal supervision, producing accurate and reliable results. Individuals are expected to be able to work on a range of tasks and problems, demonstrating their ability to apply their skills and knowledge. Organises own time to deliver against tasks set by others with a mid term horizon. Works co-operatively with others to achieve team goals and has a direct and positive impact on project performance and make decisions based on their understanding of the situation, not just the rules.

Skills (competencies)

Verbal Communication",0,Needs an AI,Unknown,Unknown,Pending,True,2025-04-03 20:39:08.441295,Pending,https://www.linkedin.com/jobs/view/4194055317,https://careers.capgemini.com/job/Bangalore-Software-Engineer/1185876101/?feedId=388933&utm_source=LinkedInJobPostings,,In Development
4135263780,Software Engineer,Siemens EDA (Siemens Digital Industries Software,emens EDA,Siemens Digital Industries Software,"About the job
Siemens EDA is a global technology leader in Electronic Design Automation software. Our software tools enable companies around the world to develop highly innovative electronic products faster and more cost-effectively. Our customers use our tools to push the boundaries of technology and physics to deliver better products in the increasingly complex world of chip, board, and system design.

Questa Simulation Product

It is a core R&D team working on multiple verticals of Simulation. A very energetic and enthusiastic team of motivated individuals.

This role is based in Noida. But you’ll also get to visit other locations in India and globe, so you’ll need to go where this job takes you. In return, you’ll get the chance to work with teams impacting entire cities, countries, and the shape of things to come.

We make real what matters!

Key Responsibilities:

We are looking for a highly motivated software engineer to work in the QuestaSim R&D team of the Siemens EDA

Development responsibilities will include core algorithmic advances and software design/architecture.
You will collaborate with a senior group of software engineers contributing to final production level quality of new components and algorithms and to build new engines and support existent code.
Self-motivation, self-discipline and the ability to set personal goals and work consistently towards them in a dynamic environment will go far towards contributing to your success.

Are you excited to know more about this Role ?

Job Qualification:

An ideal candidate should have skills below:

B.Tech or M.Tech in Computer Science & Engineering (CSE), Electrical Engineering (EE), or Electronics & Communication Engineering (ECE) from a reputable engineering institution having 2-5 years of experience.
Strong knowledge of C/C++, algorithms, and data structures.
Candidate having worked in Design Verification domain who are well versed with System Verilog & UVM is a plus.
Familiarity with compiler concepts and optimizations.
Experience with UNIX and/or LINUX platforms is essential.
Excellent problem-solving and analytical skills.
Self-motivated with the ability to work independently and guide others towards successful project completion.

We are not looking for superheroes, just super minds!

Having the below skills will be an added advantage:

Strong understanding of basic digital electronics concepts.
Familiarity with machine learning (ML) and artificial intelligence (AI) algorithms, particularly their implementation in data-driven tasks.
Proficiency in hardware description languages such as Verilog, SystemVerilog, and VHDL.
Experience with parallel algorithms and job distribution techniques.
Exposure to simulation or formal verification methodologies is a plus.

We are Siemens

A collection of over 377,000 minds building the future, one day at a time in over 200 countries. We're dedicated to equality, and we encourage applications that reflect the diversity of the communities we work in. All employment decisions at Siemens are based on qualifications, merit and business need. Bring your curiosity and creativity and help us shape tomorrow!

We offer a comprehensive reward package which includes a competitive basic salary, variable pay, other benefits, pension, healthcare and actively support working from home.

We are an equal opportunity employer and value diversity at our company. We do not discriminate based on race, religion, color, national origin, sex, gender, gender expression, sexual orientation, age, marital status, veteran status, or disability status.

Transform the everyday

#DVT",2,Needs an AI,Unknown,Unknown,Pending,True,2025-04-02 20:39:34.971988,Pending,https://www.linkedin.com/jobs/view/4135263780,https://careers.capgemini.com/job/Bangalore-Software-Engineer/1185876101/?feedId=388933&utm_source=LinkedInJobPostings,,In Development
4199312173,Software Engineer,LTIMindtre,IMindtre,IMindtre,"About the job
Job Title: Software Engineer (Azure AI, Cognitive Services, Machine Learning, IoT)

Job Description:
We are seeking a highly skilled and motivated Software Engineer with expertise in Azure AI, Cognitive Services, Machine Learning, and IoT. The ideal candidate will design, develop, and deploy intelligent applications leveraging Azure cloud technologies, AI-driven solutions, and IoT infrastructure to drive business innovation and efficiency.
Responsibilities:
Develop and implement AI-driven applications using Azure AI and Cognitive Services.
Design and deploy machine learning models to enhance automation and decision-making processes.
Integrate IoT solutions with cloud platforms to enable real-time data processing and analytics.
Collaborate with cross-functional teams to architect scalable, secure, and high-performance solutions.
Optimize and fine-tune AI models for accuracy, performance, and cost-effectiveness.
Ensure best practices in cloud security, data governance, and compliance.
Monitor, maintain, and troubleshoot AI and IoT solutions in production environments.
Stay updated with the latest advancements in AI, ML, and IoT technologies to drive innovation.
Required Skills and Qualifications:
Bachelor’s or Master’s degree in Computer Science, Engineering, or a related field.
Strong experience with Azure AI, Cognitive Services, and Machine Learning.
Proficiency in IoT architecture, data ingestion, and processing using Azure IoT Hub, Edge, or related services.
Expertise in deploying and managing machine learning models in cloud environments.
Strong understanding of RESTful APIs, microservices, and cloud-native application development.
Experience with DevOps practices, CI/CD pipelines, and containerization (Docker, Kubernetes).
Knowledge of cloud security principles and best practices.
Excellent problem-solving skills and the ability to work in an agile development environment.
Preferred Qualifications:
Certifications in Microsoft Azure AI, IoT, or related cloud technologies.
Experience with Natural Language Processing (NLP) and Computer Vision.
Familiarity with big data processing and analytics tools such as Azure Data.
Prior experience in deploying edge computing solutions.",0,Needs an AI,Pooja Thigulla ,https://www.linkedin.com/in/pooja-thigulla-49a7b61a4,Previous resume,False,2025-04-04 20:39:39.854261,2025-04-06 20:39:48.554219,https://www.linkedin.com/jobs/view/4199312173,Easy Applied,"{('Email address [  ""Select an option"", ""abhirup.karmakar00@gmail.com"", ]', 'Yes', 'select', 'abhirup.karmakar00@gmail.com'), ('mobile phone number', '7044688059', 'text', '7044688059'), ('Are you comfortable commuting to this job\'s location? [  ""Yes""<Yes>, ""No""<No>, ]', 'Yes', 'radio', None), ('how many years of work experience do you have with microsoft azure?', '0', 'text', ''), ('Phone country code [ ""List of phone country codes"" ]', 'Yes', 'select', 'India (+91)'), ('Have you completed the following level of education: Bachelor\'s Degree? [  ""Yes""<Yes>, ""No""<No>, ]', 'Yes', 'radio', None)}",In Development
4200201885,Software Engineer,Capgemin,pgemin,pgemin,"About the job
Job Description

Works in the area of Software Engineering, which encompasses the development, maintenance and optimization of software solutions/applications.

 Applies scientific methods to analyse and solve software engineering problems.
 He/she is responsible for the development and application of software engineering practice and knowledge, in research, design, development and maintenance.
 His/her work requires the exercise of original thought and judgement and the ability to supervise the technical and administrative work of other software engineers.
 The software engineer builds skills and expertise of his/her software engineering discipline to reach standard software engineer skills expectations for the applicable role, as defined in Professional Communities.
 The software engineer collaborates and acts as team player with other software engineers and stakeholders.

Works in the area of Software Engineering, which encompasses the development, maintenance and optimization of software solutions/applications.1. Applies scientific methods to analyse and solve software engineering problems.2. He/she is responsible for the development and application of software engineering practice and knowledge, in research, design, development and maintenance.3. His/her work requires the exercise of original thought and judgement and the ability to supervise the technical and administrative work of other software engineers.4. The software engineer builds skills and expertise of his/her software engineering discipline to reach standard software engineer skills expectations for the applicable role, as defined in Professional Communities.5. The software engineer collaborates and acts as team player with other software engineers and stakeholders.

Job Description - Grade Specific

Has more than a year of relevant work experience. Solid understanding of programming concepts, software design and software development principles. Consistently works to direction with minimal supervision, producing accurate and reliable results. Individuals are expected to be able to work on a range of tasks and problems, demonstrating their ability to apply their skills and knowledge. Organises own time to deliver against tasks set by others with a mid term horizon. Works co-operatively with others to achieve team goals and has a direct and positive impact on project performance and make decisions based on their understanding of the situation, not just the rules.

Skills (competencies)

Verbal Communication",0,Needs an AI,Unknown,Unknown,Pending,False,2025-04-04 20:43:16.345244,Pending,https://www.linkedin.com/jobs/view/4200201885,https://careers.capgemini.com/job/Pune-Software-Engineer/1188995101/?feedId=388933&utm_source=LinkedInJobPostings,,In Development
4160541811,Software Engineer,Microsof,crosof,crosof,"About the job
Microsoft Azure Storage is a highly distributed, massively scalable, and ubiquitously accessible cloud storage platform. To provide unmatched performance at lowest cost and power, the Azure storage team is building the storage stack that will run on the DPU (Data Processing Units) based storage nodes. We are looking for a Software Engineer who is interested in developing and deploying distributed storage.

As a Software Engineer, you will have a chance to work on design, implementation, and optimizations of highly performant and massively scale out storage on DPU hardware. You will be involved in all phases of the storage lifecycle, design, implementation, test, deployment, and support. This opportunity will allow you to accelerate your career growth and hone your technical skills.

Microsoft’s mission is to empower every person and every organization on the planet to achieve more. As employees we come together with a growth mindset, innovate to empower others, and collaborate to realize our shared goals. Each day we build on our values of respect, integrity, and accountability to create a culture of inclusion where everyone can thrive at work and beyond.

Responsibilities

Works with appropriate stakeholders to determine user requirements for the new features to be developed.
Participates and contributes to the design of massively scalable storage services
Owns software components and/or modules and drives the component level design decisions working with the team, senior engineers, and architects.
Creates and implements code for a product, service, or feature, reusing code as applicable. Writes and learns to create code that is extensible and maintainable.
Considers diagnosability, reliability, and maintainability with few defects, and understands when the code is ready to be shared and delivered.
Works in a culture of continuous improvement, adaptation, reflection, and growth.

Qualifications

Required Qualifications:

Bachelor's Degree in Computer Science, or related technical discipline with proven experience coding in languages including, but not limited to, C, C++, C#, Java, JavaScript, or Python.
OR equivalent experience.
Other Requirements

Ability to meet Microsoft, customer and/or government security screening requirements are required for this role. These requirements include, but are not limited to the following specialized security screenings: Microsoft Cloud Background Check: This position will be required to pass the Microsoft Cloud background check upon hire/transfer and every two years thereafter.

Additional / Preferred Qualifications

Bachelor's Degree in Computer Science or related technical field AND 1+ year(s) technical engineering experience with coding in languages including, but not limited to, C, C++, C#, Java, JavaScript, or Python
OR Master's Degree in Computer Science or related technical field with proven experience coding in languages including, but not limited to, C, C++, C#, Java, JavaScript, or Python
OR equivalent experience.
Knowledge of Windows or Linux Operating System, AND distributed systems and storage.

#Azurecorejobs

Microsoft is an equal opportunity employer. Consistent with applicable law, all qualified applicants will receive consideration for employment without regard to age, ancestry, citizenship, color, family or medical care leave, gender identity or expression, genetic information, immigration status, marital status, medical condition, national origin, physical or mental disability, political affiliation, protected veteran or military status, race, ethnicity, religion, sex (including pregnancy), sexual orientation, or any other characteristic protected by applicable local laws, regulations and ordinances. If you need assistance and/or a reasonable accommodation due to a disability during the application process, read more about requesting accommodations.",1,Needs an AI,Unknown,Unknown,Pending,True,2025-04-04 20:43:23.577388,Pending,https://www.linkedin.com/jobs/view/4160541811,https://jobs.careers.microsoft.com/us/en/job/1798403/Software-Engineer?jobsource=linkedin&utm_source=Job%20Board&utm_campaign=linkedin-feed,,In Development
4202457959,Data Mining Specialist,SHREE VEER TEJA MARBLES PVT LT,REE VEER TEJA MARBLES PVT LT,REE VEER TEJA MARBLES PVT LT,"About the job
Company Description
SHREE VEER TEJA MARBLES PVT LTD is a mining company based in Ajmer, Rajasthan, India.

Role Description
This is a full-time on-site role for a Data Mining Specialist at SHREE VEER TEJA MARBLES PVT LTD. The Data Mining Specialist will be responsible for utilizing analytical skills, statistics, data science, data mining, and data analysis to extract valuable insights from the company's mining operations.

Qualifications
Analytical Skills and Statistics proficiency
Data Science and Data Mining experience
Data Analysis knowledge
Strong problem-solving abilities
Experience with data visualization tools like Tableau or Power BI
Bachelor's or Master's degree in Data Science, Statistics, Computer Science, or related field",0,Needs an AI,Raghav Choudhary ,https://www.linkedin.com/in/raghav-choudhary-702291215,abhirup_cv.pdf,False,Unknown,2025-04-11 11:52:50.089366,https://www.linkedin.com/jobs/view/4202457959,Easy Applied,"{('What is your level of proficiency in English? [  ""Select an option"", ""None"", ""Conversational"", ""Professional"", ""Native or bilingual"", ]', 'Professional', 'select', 'Select an option'), ('Are you comfortable working in a remote setting? [  ""Yes""<Yes>, ""No""<No>, ]', '""Yes""<Yes>', 'radio', '""Yes""<Yes>'), ('Are you comfortable commuting to this job\'s location? [  ""Yes""<Yes>, ""No""<No>, ]', 'Yes', 'radio', None), ('how many years of sales experience do you currently have?', '0', 'text', ''), ('Are you legally authorized to work in India? [  ""Yes""<Yes>, ""No""<No>, ]', 'Yes', 'radio', None), ('mobile phone number', '7044688059', 'text', '7044688059'), ('how many years of work experience do you have with data mining?', '0', 'text', ''), ('Email address [  ""Select an option"", ""abhirup.karmakar00@gmail.com"", ]', 'Yes', 'select', 'abhirup.karmakar00@gmail.com'), ('Have you completed the following level of education: Bachelor\'s Degree? [  ""Yes""<Yes>, ""No""<No>, ]', '""Yes""<Yes>', 'radio', '""Yes""<Yes>'), ('Are you comfortable working in an onsite setting? [  ""Yes""<Yes>, ""No""<No>, ]', '""Yes""<Yes>', 'radio', '""Yes""<Yes>'), ('We must fill this position urgently. Can you start immediately? [  ""Yes""<Yes>, ""No""<No>, ]', '""Yes""<Yes>', 'radio', '""Yes""<Yes>'), ('Phone country code [ ""List of phone country codes"" ]', 'Yes', 'select', 'India (+91)')}",In Development
4204645474,React DotNet Full stack developer with Azure Experience,LTIMindtre,IMindtre,IMindtre,"About the job
Role - React DotNet Full stack developer with Azure Experience

Location – Kolkata
Experience – 5 to 12 Years

Required Skills
Strong proficiency in :
- React based front end development
- Develop Dotnet Web APIs
- Integrate and deploy application in Azure
- Experience in managing workloads using Azure platform services

About The Company – 
The world is evolving rapidly with transformative technological advancements, dynamic changes in economies, and a shifting global landscape. These changes make it challenging for our people, clients, partners, and communities to navigate the evolving landscape. At LTIMindtree, we constantly push the boundaries of what’s possible by leveraging our expertise, experience, and innovative ecosystem to empower enterprises, people, and communities to build a better Future, Faster. Together. To achieve this, we drive business transformation using what we are good at—technology, talent, and a robust ecosystem of partners—to eliminate all barriers to progress. Our commitment is to a singular goal: to relentlessly ensure our clients become their future sustainable selves ahead of schedule.
  We want to use technology to build intimacy, warmth, and empathy through the experiences we create. Our purpose is to unleash new possibilities and impact every human we touch. Our net-zero pledge leverages renewable energy, waste management, and a focus on the practices of a circular economy to ensure a healthier, safer, and more sustainable business.
  Our vision lets us be as ambitious as we want to be. It allows us to think beyond what we did until yesterday. Today, we have become the catalyst that takes all our stakeholders to the future, faster. Together.",5,Needs an AI,Alina Shaikh ,https://www.linkedin.com/in/alina-shaikh-9b103b111,abhirup_cv.pdf,False,Unknown,2025-04-12 21:11:00.433125,https://www.linkedin.com/jobs/view/4204645474,Easy Applied,"{('mobile phone number', '7044688059', 'text', '7044688059'), ('Email address [  ""Select an option"", ""abhirup.karmakar00@gmail.com"", ]', 'Yes', 'select', 'abhirup.karmakar00@gmail.com'), ('Phone country code [ ""List of phone country codes"" ]', 'Yes', 'select', 'India (+91)'), ('how many years of work experience do you have with .net framework?', '0', 'text', ''), ('how many years of work experience do you have with microsoft azure?', '0', 'text', '0'), ('how many years of work experience do you have with react.js?', '0', 'text', '')}",In Development
4205927170,Python Full Stack Developer,HRemedie,emedie,emedie,"About the job
We have an opening for Python Full Stack Developer(Python+ React Js, Redux, docker)
Location: Mumbai, Gurgaon, Remote
Experience : 4+ years

Mandatory Skills:
1. Write code and tests, build prototypes, resolve issues, profile performance and analyse bottlenecks in applications.
2. Working with Virtual Machines and resources on the cloud.
3. Optimize web applications for performance and scalability.
4. Work with Django and Python to build robust frameworks, APIs and design patterns for applications.
5. Develop, maintain, and optimize web applications using ReactJS, incorporating Redux, Saga, Tailwind, or their alternatives.
6. Manage PostgreSQL database and optimizing the use of database connections and locks.
7. Containerize and Deploy applications using Docker.
8. Integrate 3 rd party APIs in Applications.
9. Develop, deploy and monitor scheduled jobs using cronjobs, azure functions or equivalent.
10. Contribute to Peer code reviews to publish bug free code.
11. Work with Nginx web servers.
12. Code collaboration with the team using Git.

Additional Preferred Skills:
1. Bachelor’s degree (or equivalent) in computer science
2. Develop, maintain and optimize web applications and REST APIs with NodeJS.
3. Manage and optimize scalable distributed systems on the cloud.
4. Manage MongoDB database and optimizing the use of database connections and locks.
5. Experience working with MQTT architecture.
6. Experience working with Microservice Architecture.
7. Experience leading a team.

Required Qualifications:
1. Bachelor’s degree (or equivalent) or higher in computer science
2. Excellent foundation in computer science, algorithms and web application development.
3. 4+ years of combined experience working with Python, Django, ReactJS, NodeJS and JavaScript &amp; REST APIs.
4. Experience working with Azure or AWS.
5. Experience working with PostgreSQL, MongoDB.
6. Growth mindset that challenges the status quo and focuses on outside-the-box ideas and solutions.

Interested candidate can share there CV on sangita.singh@hremedies.in",4,Needs an AI,Unknown,Unknown,Previous resume,False,Unknown,2025-04-12 21:11:31.536120,https://www.linkedin.com/jobs/view/4205927170,Easy Applied,"{('phone', '7044688059', 'text', '7044688059'), ('Email [  ""Select an option"", ""abhirup.karmakar00@gmail.com"", ]', 'Yes', 'select', 'abhirup.karmakar00@gmail.com'), ('Phone country code [ ""List of phone country codes"" ]', 'Yes', 'select', 'India (+91)')}",In Development
4206145866,Full stack Developer,Recruiter Hous,cruiter Hous,cruiter Hous,"About the job
Company Overview
We are redefining trust in online reviews by combining blockchain, AI, and decentralized ownership.
Our platform ensures transparency, rewards authentic user feedback, and enables businesses to build meaningful engagement with their communities.

As we move toward mass adoption and an upcoming funding round, we're expanding our team to shape the future of decentralized reputation systems.

Role: Full-Stack Developer (React Native | Golang | Web3)
Location: Remote
Type: Full-time

We’re looking for a Full-Stack Developer with strong experience in React Native, Golang (or Rust), and Node.js. You'll help transition our architecture from a Node.js monolith to a cloud-native Golang microservices setup deployed on AWS.

This is a unique opportunity to work on both product and protocol layers — from building high-performance mobile applications to integrating Solana smart contracts and decentralized infrastructure.

Key Responsibilities
Frontend (React Native)
Build and maintain the mobile app with a focus on performance and smooth UX.

Integrate blockchain wallets (e.g., Solana Wallet, MetaMask) for Web3 interactions.

Backend & Microservices
Contribute to the migration from Node.js (Fastify, TypeScript, PostgreSQL, Drizzle ORM) to Golang microservices.

Develop scalable and secure APIs.

Deploy and monitor services on AWS and Cloudflare using Docker (Kubernetes is a plus).

Blockchain & Web3
Work on Solana programs (Rust, Anchor) related to user reputation, rewards, and NFTs.

Optimize interactions between on-chain and off-chain systems.

Focus on transaction efficiency, gas cost reduction, and indexing.

DevOps & Scalability
Ensure the platform remains performant under high loads.

Improve CI/CD processes (GitHub Actions) and infrastructure observability.

Collaborate across services written in Golang, Rust, and TypeScript.

What We’re Looking For
Must-Have
✅ React Native experience (TypeScript, UI/UX, mobile performance)
✅ Proficiency in Golang or Rust for microservice development
✅ Backend experience with Node.js, Fastify, PostgreSQL, and Drizzle ORM
✅ Solid grasp of REST API design and scalable system architecture
✅ Docker proficiency (Kubernetes is a plus)
✅ Web3/blockchain fundamentals (smart contract interactions, wallets)
✅ Willingness to work with Solana (Rust, Anchor)

Salary: from USDC 3,000 to USDC 6,000 depending on experience (flexible) per month

Nice-to-Have
🔹 Knowledge of decentralized identity, ZKPs, or reputation models
🔹 Experience in Solana program development
🔹 Contributions to open-source crypto projects
🔹 DevOps skills (GitHub Actions, CI/CD, Kubernetes, monitoring tools)

Why Join Us?
🌍 Remote-first, globally distributed team
🔗 Work on advanced Web3 infrastructure and decentralized systems
🚀 Contribute to a fast-growing startup at a pivotal scaling stage
🎯 Help build a Solana-based reputation ecosystem
💰 Token incentives and ownership potential

If you’re excited about decentralized tech and want to build the future of digital trust, we’d love to connect.
👉 Apply now and make your mark.",0,Needs an AI,Fabiola FERA,https://www.linkedin.com/in/fabiola-fera-tam,Previous resume,False,Unknown,2025-04-12 21:11:51.168482,https://www.linkedin.com/jobs/view/4206145866,Easy Applied,"{('how many years of work experience do you have with node.js?', '0', 'text', ''), ('how many years of work experience do you have with react native?', '0', 'text', ''), ('Will you be ok to be paid in Crypto? [  ""Select an option"", ""Yes"", ""No"", ]', 'Yes', 'select', 'Select an option'), ('mobile phone number', '7044688059', 'text', '7044688059'), ('What is your level of proficiency in English? [  ""Select an option"", ""None"", ""Conversational"", ""Professional"", ""Native or bilingual"", ]', 'Yes', 'select', 'Professional'), ('Email address [  ""Select an option"", ""abhirup.karmakar00@gmail.com"", ]', 'Yes', 'select', 'abhirup.karmakar00@gmail.com'), ('Phone country code [ ""List of phone country codes"" ]', 'Yes', 'select', 'India (+91)'), ('Are you comfortable working in a remote setting? [  ""Yes""<Yes>, ""No""<No>, ]', '""Yes""<Yes>', 'radio', '""Yes""<Yes>'), ('how many years of work experience do you have with golang or rust?', '0', 'text', '')}",In Development
4200645273,Fraud Data Scientist,Straiv,raiv,raiv,"About the job
Roles and Responsibilities:
Design, develop, and deploy machine learning models to detect and prevent fraudulent activities, such as Merchant Fraud, transactional fraud, account takeover, and identity theft
Work with large datasets to identify patterns, trends, and anomalies that may indicate fraudulent activity
Utilize data analytics tools and methodologies to conduct in-depth assessments and generate Fraud rules and reports on fraud trends (including first-party and third-party fraud).
Collaborate with cross-functional teams, including risk management, operations, and compliance, to enhance fraud prevention measures.
Monitor industry trends, regulatory changes, and best practices to continually enhance fraud prevention strategies.

Skills Required:
Bachelor's degree in engineering, technology, computer science or related field. 
3+ years of proven data analytics experience in fraud prevention, risk management, or a related field
Familiarity with fraud detection software, risk assessment methodologies, and regulatory compliance.
Strong experience in SQL or Python
Excellent communication and presentation skills with the ability to convey complex information clearly and concisely.
Detail-oriented with a proactive mindset toward problem-solving and risk mitigation.
Ability to work collaboratively in a cross-functional team environment.",3,Needs an AI,Nafzal Shahul ,https://www.linkedin.com/in/nafzal-shahul-00988099,abhirup_cv.pdf,False,Unknown,2025-04-12 22:31:46.692163,https://www.linkedin.com/jobs/view/4200645273,Easy Applied,"{('how many years of work experience do you have with machine learning?', '0', 'text', ''), ('Phone country code [ ""List of phone country codes"" ]', 'Yes', 'select', 'India (+91)'), ('mobile phone number', '7044688059', 'text', '7044688059'), ('how many years of work experience do you have with fraud detection?', '0', 'text', ''), ('how many years of work experience do you have with python (programming language)?', '52', 'text', '52'), ('Email address [  ""Select an option"", ""abhirup.karmakar00@gmail.com"", ]', 'Yes', 'select', 'abhirup.karmakar00@gmail.com')}",In Development
